BAGBUDDY ROI SCENARIO COMPARISON,,,,
Generated:,08-Nov-25,,,
,,,,
PLATFORM FEATURES,,,,
Feature,Description,Expected Impact,,
Platform-wide Redemption,Users can save points and redeem with ANY brand on BagBuddy,Increases conversion rate,,
No Single-Brand Lock-in,Flexibility increases perceived value,Reduces friction in redemption,,
Environmental Impact,"For every $1000 earned points, 1 tree planted",Increases engagement/scan rate,,
,,,,
SCENARIO OVERVIEW,,,,
Scenario,Description,Scan Rate,Conversion Rate,ROI
Conservative (Baseline),"Pure industry benchmarks, no feature boost",2.00%,20.00%,-33.33%
Moderate (Platform Boost),Realistic impact from BagBuddy features,2.50%,25.00%,3.33%
Optimistic (Best Case),Maximum realistic benefit from features,3.00%,30.00%,50.00%
,,,,
DETAILED METRICS COMPARISON,,,,
Metric,Conservative,Moderate,Optimistic,Unit
INPUT ASSUMPTIONS,,,,
Scan Rate,2,2.5,3,%
Conversion Rate,20,25,30,%
Avg Revenue per Conversion,25,25,25,$
,,,,
CAMPAIGN COSTS,,,,
Campaign Cost,750,750,750,$
Cost per Bag Slot,0.15,0.15,0.15,$
,,,,
PERFORMANCE METRICS,,,,
Total Bags Distributed,5000,5000,5000,bags
Ad Slots per Bag,8,8,8,slots
Impressions per Bag,5.02,5.03,5.03,impressions
Total Impressions,25100,25125,25150,impressions
QR Code Scans,100,125,150,scans
Conversions/Redemptions,20,31,45,conversions
,,,,
REVENUE METRICS,,,,
Total Sales Generated,500,775,1125,$
Net Profit/Loss,-250,25,375,$
,,,,
ROI & COST EFFICIENCY,,,,
ROI,-33.33,3.33,50,%
Cost per Impression (CPI),0.0299,0.0299,0.0298,$
Cost per Engagement (CPE),7.5,6,5,$
Cost per Conversion (CPA),37.5,24.19,16.67,$
,,,,
ENVIRONMENTAL IMPACT,,,,
Trees Planted (from sales/1000),0.5,0.775,1.125,trees
Plastic Bags Saved,2500000,2500000,2500000,bags
Carbon Offset,25000,25000,25000,kg CO2
,,,,
IMPROVEMENT VS BASELINE (CONSERVATIVE),,,,
Metric,Moderate vs Conservative,Optimistic vs Conservative,Unit,
Additional Scans,25,50,scans,
Additional Conversions,11,25,conversions,
Additional Revenue,275,625,$,
ROI Improvement,36.66,83.33,percentage points,
,,,,
KEY INSIGHTS,,,,
Scenario,Verdict,Key Finding,,
Conservative,UNPROFITABLE,Standard industry performance - -33.33% ROI,,
Moderate,MARGINALLY PROFITABLE,Platform features improve ROI by 36.66pp,,
Optimistic,EXCELLENT PROFIT,Best case shows 50.0% ROI potential,,
,,,,
RESEARCH REFERENCES & SOURCES,,,,
Category,Source,Key Finding,Year,
,,,,
QR Code Benchmarks,Statista QR Code Usage Report,Average QR code scan rate: 0.5-3%,2024,
QR Code Benchmarks,Juniper Research,QR code redemption rates: 1-2% for marketing,2024,
,,,,
Loyalty Programs,Bond Brand Loyalty Report,Coalition programs: 15-30% higher redemption vs single-brand,2023,
Loyalty Programs,Loyalty360 Industry Research,Average loyalty program redemption rate: 15-25%,2024,
Loyalty Programs,Harvard Business Review,Multi-brand flexibility increases perceived value by 20-35%,2023,
,,,,
Environmental Impact,Nielsen Sustainability Report,73% of consumers care about sustainability,2023,
Environmental Impact,Nielsen Sustainability Report,Environmental messaging increases engagement 10-30%,2023,
Environmental Impact,IBM Consumer Behavior Study,57% change buying habits for environmental reasons,2024,
Environmental Impact,IBM Consumer Behavior Study,Intention-action gap: Only 10-30% follow through,2024,
,,,,
Digital Advertising,Meta (Facebook/Instagram) Benchmarks,Average CPM: $5-15,2024,
Digital Advertising,Meta (Facebook/Instagram) Benchmarks,Average CTR: 0.9-1.5%,2024,
Digital Advertising,WordStream Google Ads Report,Average conversion rate: 2.5-5%,2024,
Digital Advertising,eMarketer Digital Ad Report,CPM increasing 10-15% year-over-year,2024,
,,,,
Direct Mail/Flyers,Data & Marketing Association (DMA),Prospect list response rate: 0.5-1.2%,2023,
Direct Mail/Flyers,USPS Mail Moment Studies,Direct mail response rates declining 5-10% annually,2023,
Direct Mail/Flyers,PostGrid Research,Average flyer conversion: 5-10% of responses,2024,
,,,,
Conversion Rate Benchmarks,Unbounce Landing Page Report,Average landing page conversion: 2-5%,2024,
Conversion Rate Benchmarks,Invesp E-commerce Benchmarks,Small business conversion rate: 1-3%,2024,
,,,,
METHODOLOGY NOTES,,,,
Category,Note,,,
Conservative Scenario,Uses pure industry benchmarks with no assumptions about BagBuddy feature benefits,,,
Moderate Scenario,"Applies conservative estimates from research: +25% scan rate, +25% conversion rate",,,
Optimistic Scenario,"Applies optimistic but realistic estimates: +50% scan rate, +50% conversion rate",,,
Cost Structure,"Based on BagBuddy platform: $0.15 per bag slot, 8 slots per bag, 5000 bags per quarter",,,
Environmental Impact,Tree planting calculated as: (Total Sales / $1000) trees planted,,,
Plastic Bags Saved,Assumes each reusable bag replaces 500 single-use plastic bags over lifetime,,,
Carbon Offset,Assumes each reusable bag saves 5kg CO2 over lifetime vs single-use bags,,,
,,,,
KEY ASSUMPTIONS,,,,
Assumption,Value,Source,,
Cost per Bag Slot,$0.15,BagBuddy Platform,,
Bags per Quarter,"5,000",BagBuddy Platform,,
Ad Slots per Bag,8,BagBuddy Platform,,
Impressions per Bag per Brand,5,Estimated (8 brands competing for attention),,
Average Order Value,$25,Example - Coffee shop/retail,,
Campaign Duration,1 Quarter (3 months),Minimum commitment,,
